slug,title,career_code,education,sponsor,career_grades,type_works,posts,tasks_count
中式烹调师,中式烹调师,4-03-02-01,初中毕业（或相当文化程度）,重庆商务职业学院,"五级/初级工,四级/中级工,三级/高级工,二级/技师,一级/高级技师","药膳制作师,火锅料理师","中餐厨师,药膳制作师,火锅料理师,行政总厨,营养配餐员,营养师,食品加工人员,食品安全管理师",11
中式面点师,中式面点师,4-03-02-02,高中毕业（或同等学力）,牡丹江技师学院,"五级/初级工,四级/中级工,三级/高级工,二级/技师,一级/高级技师",牛肉拉面制作师,"面点学徒,面点师,营养配餐员,厨房运行管理,面点专业教师",5
二手车经纪人,二手车经纪人,4-01-03-04,高中毕业（或同等学力）,中国汽车流通协会,"四级/中级工,三级/高级工,二级/技师,一级/高级技师",,"二手车经纪人,二手车销售专员,二手车收购专员  ,二手车置换顾问,二手车交易主管",7
人工智能训练师,人工智能训练师,4-04-05-05,初中毕业（或相当文化程度）,瓴羊智能,"五级/初级工,四级/中级工,三级/高级工,二级/技师,一级/高级技师","数据标注员 ,人工智能算法测试员","数据标注员,AI训练师,AI产品经理,自然语言处理工程师,机器学习工程师",5
会展设计师,会展设计师,4-08-08-21,高中毕业（或同等学力）,烟台胶东在线网络传媒有限公司,"四级/中级工,三级/高级工,二级/技师",,"平面设计师,室内设计师,活动策划平面设计,CAD设计/制图,企划设计专员,展厅设计师,空间设计,3D建模师",10
供应链管理师,供应链管理师,4-02-06-05,大学专科学历（或高等职业学校毕业）,络捷斯特,"三级/高级工,二级/技师,一级/高级技师",,"需求计划专员,供应链SAP系统专员,供应链数据分析师,采购跟单,采购工程师,生产计划专员,物料控制专员,产能规划师,物流跟单,仓储管理员,物流规划师",7
保健按摩师,保健按摩师,4-10-04-02,初中毕业（或相当文化程度）,北京成人按摩学校,"五级/初级工,四级/中级工,三级/高级工,二级/技师,一级/高级技师","脊柱按摩师,足部按摩师,反射疗法师","中医推拿按摩师,推拿技术总监,艾灸师,康复理疗师,小儿推拿师,足疗技师",6
保育师,保育师,4-10-01-03,高中毕业（或同等学力）,春苗职业教育,"五级/初级工,四级/中级工,三级/高级工,二级/技师,一级/高级技师",托育师,"保育员（幼儿园）,保育师（托育机构）,保育师（儿童福利院）,住家早教保育师（家庭）",6
信用管理师,信用管理师,4-07-02-04,大学专科学历（或高等职业学校毕业）,山西创新金融,"四级/中级工,三级/高级工,二级/技师,一级/高级技师","数据治理员,尽职调查员,模型开发师,信用分析师,信用评价师","信用风险管理专员,信用评估师,信用分析师,风险管理专员,信用管理岗专员",8
健康照护师,健康照护师,4-14-01-03,初中毕业（或相当文化程度）,江西省研究型医院学会,"五级/初级工,四级/中级工,三级/高级工,二级/技师,一级/高级技师",长期照护师,"居家老人照护师,病患照护师,社区照护师,养老机构照护师,妇幼照护师,老年健康管家,健康照护培训师,日间照护师,社区预防保健查体人员,健康照护服务管理人员,健康照护技术总监,康养机构运营管理人员,健康照护平台管理人员,健康照护师人力资源管理人员,个体化健康照护方案制定师",7
全媒体运营师,全媒体运营师,4-13-01-05,大学专科学历（或高等职业学校毕业）,杭报集团,"五级/初级工,四级/中级工,三级/高级工,二级/技师,一级/高级技师",,"新媒体运营,短视频运营,内容运营,网络营销专员,数字营销运营,品牌运营专员,社群运营,私域流量运营,直播策划,信息流优化师,用户运营专员,活动运营策划,电商内容策划,MCN机构运营,政务新媒体运营",5
公路养护工,公路养护工,6-29-02-04,初中毕业（或相当文化程度）,江苏省交通技师学院,"五级/初级工,四级/中级工,三级/高级工,二级/技师,一级/高级技师","道路巡视养护工,桥梁巡视养护工,隧道巡视养护工","公路养护工,道路养护工,路基路面养护工程师,桥梁养护工程师,隧道养护工程师,交通安全设施养护工程师",4
公路收费及监控员,公路收费及监控员,4-02-02-06,初中毕业（或相当文化程度）,山东高速,"五级/初级工,四级/中级工,三级/高级工,二级/技师,一级/高级技师",车辆通行费收费员,"公路收费员,公路监控员",5
养老护理员,养老护理员,4-10-01-05,初中毕业（或相当文化程度）,西部人力,"五级/初级工,四级/中级工,三级/高级工,二级/技师,一级/高级技师",失智老年人照护员,"养老护理员,老年生活助理,老年照护师,老年护理员,养老护理师,养老照护师",5
农产品食品检验员,农产品食品检验员,4-08-05-01,初中毕业（或相当文化程度）,天津现代职业技术学院,"五级/初级工,四级/中级工,三级/高级工,二级/技师,一级/高级技师","农产品质量安全检测员,食品检验员,粮油质量检验员","食品检验员,农产品质量安全检测员,粮油质量检验员,食品微生物检验员,食品理化检测员,三方机构农产食品检测技术人员,食品企业质量管理人员,农产品食品抽样员,政府食品安全监督人员,检验检测技术主管,食品认证审核人员",12
农作物植保员,农作物植保员,5-05-02-01,初中毕业（或相当文化程度）,潍坊市潍城区青欣职业培训学校,"五级/初级工,四级/中级工,三级/高级工,二级/技师,一级/高级技师","病虫害防治工,植物检疫工","农田植保技术员,农作物病虫疫情监测员,农业技术推广专员,植保技术服务机构工程师,生物防治技术员,有机农业植保管理员",6
农艺工,农艺工,5-01-02-01,初中毕业（或相当文化程度）,黑龙江农业经济职业学院,"五级/初级工,四级/中级工,三级/高级工,二级/技师,一级/高级技师","粮食作物栽培工,糖料作物栽培工,棉花栽培工,油料作物栽培工,麻料作物栽培工,烟类作物栽培工,啤酒花栽培工,牧草栽培工","植保农艺师,农业技术人员,农艺助理师,农业种植技术员,农业技术推广员,种苗成产经理,特聘农技员",8
制冷空调系统安装维修工,制冷空调系统安装维修工,6-29-03-05,初中毕业（或相当文化程度）,广西二轻技师学院,"四级/中级工,三级/高级工,二级/技师,一级/高级技师,五级/初级工","制冷空调系统安装调试工,制冷空调设备维修工,制冷剂回收再利用工","制冷空调安装工程师,制冷空调维保工程师,制冷空调维修工程师",8
制图员,制图员,3-01-02-07,初中毕业（或相当文化程度）,象山港高级技工学校,"五级/初级工,四级/中级工,三级/高级工,二级/技师,一级/高级技师",,"机械设计工程师   ,机械制图员",4
动物检疫检验员,动物检疫检验员,5-05-02-04,高中毕业（或同等学力）,长治职业技术学院,"五级/初级工,四级/中级工,三级/高级工,二级/技师,一级/高级技师",,"动物检疫员,兽医化验员,动物实验员,驻场检疫员",7
动物疫病防治员,动物疫病防治员,5-05-02-03,初中毕业（或相当文化程度）,黑龙江农业经济职业学院,"五级/初级工,四级/中级工,三级/高级工,二级/技师,一级/高级技师","中兽医员,兽医化验员","基层兽医站动物疫病防治员,大型养殖企业动物疫病防治员,动物疾病控制中心实验室检测员,公共卫生防疫部门实验室检测员,兽药生产及销售企业技术服务人员",9
动画制作员,动画制作员,4-13-02-02,初中毕业（或相当文化程度）,东唐影视,"四级/中级工,三级/高级工,二级/技师,一级/高级技师",,"3D动态设计师,角色动画师,3D建模师,动画制作后期包装师",3
化工总控工,化工总控工,6-11-01-03,高中毕业（或同等学力）,东营市技师学院,"五级/初级工,四级/中级工,三级/高级工,二级/技师,一级/高级技师",,"DCS 操作员 / 中控室操作员,中控室主控运维岗,化工设备维护技术员,化工工艺工程师",7
医疗护理员,医疗护理员,4-14-01-02,初中毕业（或相当文化程度）,广西卫生职业技术学院,"五级/初级工,四级/中级工,三级/高级工,二级/技师,一级/高级技师",护工,"医疗护理员,临床护理员,病患护理员,康复护理员,老年护理员,护工,生活护理员,医养结合护理员,长期照护专员,家庭护理员",4
医药商品购销员,医药商品购销员,4-01-05-02,高中毕业（或同等学力）,江苏省医药商业协会,"五级/初级工,四级/中级工,三级/高级工",,"药品采购专员,医药商务经理,医药客户经理,药店营业员 / 店长,医药 BD（商务拓展）,医药采购经理,医药供应链专员",9
变电设备检修工,变电设备检修工,6-31-01-08,高中毕业（或同等学力）,四川能投,"四级/中级工,三级/高级工,二级/技师,一级/高级技师","开关设备检修工,变压器设备检修工,变电带电检修工","变电检修工程师,电气检修技术员,变电运维检修专员,变电一次/二次检修工,开关设备检修工,变压器设备检修工,变电带电检修工",8
口腔修复体制作师,口腔修复体制作师,4-14-03-02,初中毕业（或相当文化程度）,烟台文化旅游职业学院,"五级/初级工,四级/中级工,三级/高级工,二级/技师,一级/高级技师",,"种植义齿修复技师,活动义齿修复技师,数字化义齿设计技师,义齿瓷修复技师,美学蜡型技师,椅旁即刻修复技师",15
咖啡师,咖啡师,4-03-02-08,高中毕业（或同等学力）,青岛市技师学院,"五级/初级工,四级/中级工,三级/高级工,二级/技师,一级/高级技师",,"咖啡店（店长、主管、领班）咖啡师,寻豆师,烘豆师,咖啡培训师",8
品酒师,品酒师,6-02-06-07,初中毕业（或相当文化程度）,贵州轻工职业大学,"四级/中级工,三级/高级工,二级/技师,一级/高级技师",,"白酒品评员,白酒品评勾调师",4
商业摄影师,商业摄影师,4-08-09-01,初中毕业（或相当文化程度）,东唐影视,"五级/初级工,四级/中级工,三级/高级工,二级/技师,一级/高级技师",,"摄影指导,摄影师,摄像师",7
商务数据分析师,商务数据分析师,4-07-02-05,高中毕业（或同等学力）,竞争力咨询,"四级/中级工,三级/高级工,二级/技师,一级/高级技师",贸易数据申报师,"数据分析专员,数据分析师,数据员,BI分析师,数据处理工程师,商业分析师,商业智能数据分析师",6
城市管理网格员,城市管理网格员,3-01-04-02,初中毕业（或相当文化程度）,博银网格,"五级/初级工,四级/中级工,三级/高级工,二级/技师",,"社区工作者（专职网格员）,社区专职网格员,综合网格员,生态环境保护网格员,网格管理员,社区治理专员,基层治理专员,城市巡查协管员,智慧城市巡查员,综合执法辅助人员,平安建设信息员,民生事务联络员,数字化治理助理,(村)社区基层治理专干",6
城市轨道交通服务员,城市轨道交通服务员,4-02-01-07,高中毕业（或同等学力）,浙江交通技师学院,"五级/初级工,四级/中级工,三级/高级工,二级/技师,一级/高级技师","城市轨道交通站务员,城市轨道交通行车值班员","车站站务员,车站值班员,车站综控员,值班站长,站长/中心站长助理,票务管理工程师,行车安全工程师,客运服务工程师,车站协理员",5
增材制造设备操作员,增材制造设备操作员,6-18-01-13,高中毕业（或同等学力）,广州市技师学院,"五级/初级工,四级/中级工,三级/高级工,二级/技师,一级/高级技师",,"制图员,逆向数据采集技术员,3D打印设备操作员,后处理钳工,产品设计工程师,3D打印工艺工程师,3D打印销售工程师,3D打印设备装调员,3D打印设备维修工程师",6
多工序数控机床操作调整工,多工序数控机床操作调整工,6-18-01-07,高中毕业（或同等学力）,宁波技师学院,"四级/中级工,三级/高级工,二级/技师,一级/高级技师","数控机加生产线操作调整工,数控组合机床操作调整工,加工中心操作调整工,复合机床操作调整工","车工,铣工,加工中心操作工,组合机床操作工,数控程序员",8
宠物美容师,宠物美容师,4-10-07-03,初中毕业（或相当文化程度）,青岛市技师学院,"五级/初级工,四级/中级工,三级/高级工,二级/技师,一级/高级技师",,"宠物美容师,到家宠物护理员,宠物洗护师",6
室内装饰设计师,室内装饰设计师,4-08-08-07,高中毕业（或同等学力）,三维家,"五级/初级工,四级/中级工,三级/高级工,二级/技师,一级/高级技师",装修污染管控师,"实习室内设计师,室内设计师助理,全屋定制绘图员,室内方案助理设计师,全屋定制设计师,软装设计师,橱柜定制设计师,定制家具设计师,设计拆单员,室内设计师,工装室内设计师,室内设计总监,室内设计经理,室内设计主管",6
家政服务员,家政服务员,4-10-01-06,初中毕业（或相当文化程度）,小熊美家,"五级/初级工,四级/中级工,三级/高级工","母婴护理员,整理收纳师,家务服务员,家庭照护员","家务嫂,护老员,母婴照护员",8
工业废水处理工,工业废水处理工,6-28-03-03,初中毕业（或相当文化程度）,浙江省生态与环境修复技术协会,"五级/初级工,四级/中级工,三级/高级工,二级/技师,一级/高级技师",,"废水处理工程师,废水处理工业设计师,废水运营技术员,废水处理操作工,废水处理实验员",6
工业机器人系统操作员,工业机器人系统操作员,6-31-07-03,高中毕业（或同等学力）,重庆市职业技能公共实训中心、山东昌乐技师学院,"四级/中级工,三级/高级工,二级/技师,一级/高级技师",,"工业机器人调试,工业机器人应用,工业机器人操作,工业机器人销售,工业机器人培训",7
工业机器人系统运维员,工业机器人系统运维员,6-31-07-01,初中毕业（或相当文化程度）,江西技师学院,"四级/中级工,三级/高级工,二级/技师,一级/高级技师",,"工业机器人系统运维员,工业机器人运维工程师,工业机器人系统维护员,工业机器人调试与维护工程师,工业机器人电气运维工程师,机器人自动化系统运维专员,工业机器人维保工程师,机器人维护员,自动化运维技术员",6
工程测量员,工程测量员,4-08-03-04,高中毕业（或同等学力）,山西交通技师学院,"五级/初级工,四级/中级工,三级/高级工,二级/技师,一级/高级技师","地质测量员,矿山测量员","测量主管,市政测量员,测绘仪器销售工程师,隧道测量员,桥梁测量工程师,水利工程测量员,地下管线测量员,古建筑文物测量员,变形监测测量员",5
广告设计师,广告设计师,4-08-08-08,初中毕业（或相当文化程度）,镇江市广告协会,"四级/中级工,三级/高级工,二级/技师,一级/高级技师",,"平面广告设计师,视觉设计师（偏广告方向）,创意设计师（广告/传媒行业）,UI/广告双栖设计师,整合营销设计师（广告+活动+全案设计）,动态广告设计师,元宇宙视觉设计师",4
建筑信息模型技术员,建筑信息模型技术员,4-08-08-23,高中毕业（或同等学力）,中国铁道工程建设协会标准委员会,"五级/初级工,四级/中级工,三级/高级工,二级/技师,一级/高级技师",,"BIM模型生产工程师,BIM信息应用工程师,/BIM专业分析师,BIM管理工程师",4
快递员,快递员,4-02-07-08,初中毕业（或相当文化程度）,浙江邮电职业技术学院,"五级/初级工,四级/中级工,三级/高级工,二级/技师,一级/高级技师",,"快递员,物流专员,配送专员,电商物流专员,快递客服专员,快递驿站营业员",8
护林员,护林员,5-02-03-01,高中毕业（或同等学力）,大兴安岭技师学院、大兴安岭林业集团公司,"五级/初级工,四级/中级工,三级/高级工",,"护林员,森林巡查护林员,森林防火保安,护林班长,护林队长",7
插花花艺师,插花花艺师,4-09-10-05,大学专科学历（或高等职业学校毕业）,滨州职业学院,"五级/初级工,四级/中级工,三级/高级工,二级/技师,一级/高级技师",,"插花花艺师,花艺设计师,插花助理,花艺策划,仿真花设计员,仿真花绿植设计师,花艺销售员,花艺顾问,花艺培训师",4
救援机械操作员,救援机械操作员,6-30-02-05,初中毕业（或相当文化程度）,江苏交控人才集团,"五级/初级工,四级/中级工,三级/高级工,二级/技师,一级/高级技师","救援起复工,救援机械司机","清障车驾驶员,救援拖车司机,清障救援队员,救援调度",6
数字化管理师,数字化管理师,2-06-07-13,大学专科学历（或高等职业学校毕业）,中国电子学会,"初级,中级,高级",,"数字化专员,数字化设计师,数字化项目经理,数字化工程师,数字化转型顾问,数字化解决方案专家",5
旅店服务员,旅店服务员,4-03-01-03,初中毕业（或相当文化程度）,浙江工商职业技术学院,"五级/初级工,四级/中级工,三级/高级工,二级/技师,一级/高级技师",,"客房服务员,前台服务员,礼宾服务员,餐饮服务员,民宿管家",7
旅游咨询员,旅游咨询员,4-07-04-04,高中毕业（或同等学力）,浙江工商职业技术学院,"四级/中级工,三级/高级工,二级/技师,一级/高级技师",,"导游,旅游咨询顾问,旅游策划,旅游顾问",4
无人机测绘操控员,无人机测绘操控员,4-08-03-07,初中毕业（或相当文化程度）,浙江公路技师学院,"五级/初级工,四级/中级工,三级/高级工,二级/技师,一级/高级技师",,"大地测量员,摄影测量员,地图绘制员,工程测量员,海洋测绘员,地理信息采集员,地理信息处理员,地理信息应用作业员",5
无人机装调检修工,无人机装调检修工,6-23-03-15,初中毕业（或相当文化程度）,中航职校,"五级/初级工,四级/中级工,三级/高级工,二级/技师,一级/高级技师",,"无人机测试工程师,无人机维修质检员,无人机维修工程师,无人机组装维修工,无人机设备维护员,无人机维修服务人员,无人机维修培训师",8
无人机驾驶员,无人机驾驶员,4-02-04-06,初中毕业（或相当文化程度）,智训机器人,"五级/初级工,四级/中级工,三级/高级工,二级/技师,一级/高级技师","植保无人机驾驶员,安防无人机驾驶员,航拍无人机驾驶员,巡检无人机驾驶员,物流无人机驾驶员","无人机飞手,无人机驾驶员,无人机操作员,航拍摄影师,无人机巡检飞手,无人机测绘工程师,无人机植保员,无人机物流操作员",7
服务机器人应用技术员,服务机器人应用技术员,4-04-05-07,初中毕业（或相当文化程度）,中国仪器仪表学会,"五级/初级工,四级/中级工,三级/高级工,二级/技师,一级/高级技师",,"服务机器人技术服务工程师,服务机器人现场应用工程师,服务机器人售后工程师/售后维修技术员,服务机器人调试工程师,服务机器人算法工程师,服务机器人项目经理,服务机器人销售专员,服务机器人课程讲师",5
服装制版师,服装制版师,6-05-01-01,初中毕业（或相当文化程度）,河南技师学院,"五级/初级工,四级/中级工,三级/高级工,二级/技师,一级/高级技师","裁剪服装制版师,成型编织服装制版师","服装打样版师,服装版师助理,服装高级版师,CAD服装制版师,绣花制版师,服装纸样师,服装审版师,服装模板制作",5
机床装调维修工,机床装调维修工,6-20-03-01,初中毕业（或相当文化程度）,新昌技师学院,"四级/中级工,三级/高级工,二级/技师,一级/高级技师","数控机床装调维修工,普通机床装调维修工","机床装调维修工,机械装配调试员,数控机床维修工程师,机床设备维护技师,智能机床运维工程师,数控系统调试工程师,工业机器人维修技师（含机床联调）,五轴机床维修技术员,高精密机床装调师,车铣复合设备维护工程师",9
机械木工,机械木工,6-06-03-02,初中毕业（或相当文化程度）,欧派家居集团,"五级/初级工,四级/中级工,三级/高级工,二级/技师,一级/高级技师",,"开料主机手,封边主机手,排钻主机手,木工设备调机技师,调油工,组装工,打磨工程师",8
桥隧工,桥隧工,6-29-02-05,初中毕业（或相当文化程度）,贵州交通技师学院,"五级/初级工,四级/中级工,三级/高级工,二级/技师,一级/高级技师","桥梁工,隧道工,盾构机操作工","隧道掘进工,隧道支护工,桥梁钢筋工,桥梁混凝土工,路桥隧施工员,隧道技术员,桥隧工程师,桥梁隧道专业工程师,结构工程师（桥隧方向）,隧道生产施工管理员,桥隧项目经理,桥隧管理员,轨道交通领工员,桥隧试验检测工程师,桥梁检测师,一级结构检测师（桥隧）,桥梁监控工程师,隧道监控量测工程师,结构健康监测工程师,桥隧装备设计师,桥隧测绘工程师,桥隧设计咨询工程师,铁路桥隧工,地铁隧道检修工,接触网工（桥隧方向）,高速公路桥隧养护员,桥隧病害整治工程师",6
民宿管家,民宿管家,4-14-06-02,初中毕业（或相当文化程度）,莫干山民宿管家培训学校,"五级/初级工,四级/中级工,三级/高级工,二级/技师,一级/高级技师",,"民宿店长,民宿活动策划师,旅游住宿服务专员",7
水生产处理工,水生产处理工,6-28-03-01,初中毕业（或相当文化程度）,青岛水务集团有限公司,"五级/初级工,四级/中级工,三级/高级工,二级/技师,一级/高级技师","自来水生产工,海水淡化工,高纯水制取工,循环冷却水操作工,化学水处理工,海水冷却系统操作员","水生产运行值班员,司泵工,水环境监测员,水生产设备维护维修工",4
水生物病害防治员,水生物病害防治员,5-05-02-05,高中毕业（或同等学力）,威海海洋职院,"五级/初级工,四级/中级工,三级/高级工,二级/技师,一级/高级技师","水生植物病害防治员,水生动物病害防治员","水产养殖技术员,水产技术推广员,水质监测分析师,水生动物健康管理专员,水产病害防控专员,微生物检测技术员,水生动物检疫员,观赏鱼健康管理师",7
汽车救援员,汽车救援员,4-02-02-09,初中毕业（或相当文化程度）,中国汽车流通协会,"五级/初级工,四级/中级工,三级/高级工,二级/技师,一级/高级技师",,汽车救援员,8
汽车维修工,汽车维修工,4-12-01-01,初中毕业（或相当文化程度）,景格科技,"五级/初级工,四级/中级工,三级/高级工,二级/技师,一级/高级技师","汽车维修检验工,汽车机械维修工,汽车电器维修工,汽车玻璃维修工,汽车美容装潢工,汽车车身整形修复工,汽车车身涂装修复工,二手车整备工,新能源汽车维修工,智能汽车维修工","汽车维修工,汽车维修技师,汽车钣金工,汽车喷漆工,汽车美容工,汽车质检员,汽车维修车间主管,汽车维修技术总监,汽车保险理赔员,二手车评估师",5
汽车装调工,汽车装调工,6-22-02-01,高中毕业（或同等学力）,重庆城市职业学院,"五级/初级工,四级/中级工,三级/高级工,二级/技师,一级/高级技师","汽车发动机装调工,汽车变速器装调工,汽车电气装调工,汽车整车装调工,汽车零部件装调工","汽车装调工,汽车装配工,汽车调试工,整车装配工,汽车发动机装配工,汽车发动机调试工,汽车变速器装配工,汽车变速器调试工,汽车零部件装调工,汽车电气装调工,车身装调工,汽车总装工艺工程师,装配工艺经理",16
涂装工,涂装工,6-18-03-03,初中毕业（或相当文化程度）,江苏省盐城技师学院,"五级/初级工,四级/中级工,三级/高级工,二级/技师,一级/高级技师","涂装预处理工,涂料调配工,涂料涂覆工,涂装后处理工,防锈处理工","涂装工操作工,涂装工艺工程师,涂装设备工程师,涂装质检工程师,涂装车间主任",9
漆艺师,漆艺师,4-08-08-28,初中毕业（或相当文化程度）,长江艺术工程职业学院,"五级/初级工,四级/中级工,三级/高级工,二级/技师,一级/高级技师",,"漆艺手工艺人,漆器设计师,漆艺工艺师,美术教师——工艺技师,文创产品开发设计师,大漆制作师,大漆工艺设计制作师",7
焊工,焊工,6-18-02-04,初中毕业（或相当文化程度）,大同机车技师学院,"五级/初级工,四级/中级工,三级/高级工,二级/技师,一级/高级技师","电焊工,气焊工,钎焊工,焊接设备操作工,锅炉（承压）设备焊工","钢结构焊工,二保焊工,氩弧焊工,焊装技术员",8
物业管理师,物业管理师,4-06-01-01,高中毕业（或同等学力）,广电城市服务,"四级/中级工,三级/高级工,二级/技师,一级/高级技师",,"物业管理员,物业主管,物业项目经理,物业项目总监,物业公司总经理,设施设备管理专家,物业领域培训讲师,物业顾问",7
物流服务师,物流服务师,4-02-06-03,高中毕业（或同等学力）,络捷斯特,"三级/高级工,二级/技师,一级/高级技师","医药商品物流员,冷链物流员,危化品物流员,烟草物流员","仓库管理员,仓储主管,运输调度员,运输主管,物流信息专员,精益物流专员,跨境电商物流专员,国际货运代理,物流系统运维专员,物流数据分析师,物流规划师",6
物联网安装调试员,物联网安装调试员,6-25-04-09,初中毕业（或相当文化程度）,福建新大陆时代科技有限公司,"五级/初级工,四级/中级工,三级/高级工,二级/技师,一级/高级技师",,"物联网安装调试工程师,物联网技术支持工程师,物联网系统集成工程师,物联网运维工程师,智能硬件测试工程师",7
玻璃纤维及制品工,玻璃纤维及制品工,6-15-04-01,初中毕业（或相当文化程度）,巨石集团有限公司,"五级/初级工,四级/中级工,三级/高级工,二级/技师,一级/高级技师","铂合金漏板（坩埚）制造工,玻纤拉丝工,玻纤编织制品生产工,玻纤制品后处理工,玻纤非织造制品生产工,玻纤织布带工,配料熔制工,浸润剂配置工,玻纤保全保养工","玻纤拉丝工,玻纤编织制品生产工,玻纤制品后处理工,玻纤织布带工,铂合金漏板（坩埚）制造工,浸润剂配置工,玻纤保全保养工,玻纤非织造制品生产工,配料熔制工",8
电子商务师,电子商务师,4-01-06-01,初中毕业（或相当文化程度）,中教畅享科技股份有限公司,"五级/初级工,四级/中级工,三级/高级工,二级/技师,一级/高级技师","网商,跨境电子商务师,电商咨询师","电商平台运营,网络营销推广,电商数据分析,跨境电商运营,客户服务管理",5
电子电气产品检验员,电子电气产品检验员,4-08-05-07,初中毕业（或相当文化程度）,中国电研,"五级/初级工,四级/中级工,三级/高级工,二级/技师,一级/高级技师","电气电子产品环保检测员,电子电气产品安全检验员,电气电气产品环境试验检验员,电子电气产品能效检验员","电子测试工程师,EMC测试工程师,质量工程师,质量检测员（质检员）,品质检测员,实验室检测员（实验员）",8
电子竞技员,电子竞技员,4-14-05-07,初中毕业（或相当文化程度）,贵州工业职业技术学院,"五级/初级工,四级/中级工,三级/高级工,二级/技师,一级/高级技师",,"电子竞技策划师,电子竞技视频剪辑,电子竞技导播,电子竞技指导员,电子竞技员,电子竞技解说员,电子竞技赛事执行员,游戏主播",5
电子设备装接工,电子设备装接工,6-25-04-07,初中毕业（或相当文化程度）,永康五金技师学院,"五级/初级工,四级/中级工,三级/高级工,二级/技师,一级/高级技师","电子设备手工装接工,电子设备波峰焊装接工,电子元器件表面贴装工","电子装配工,电子组装工,电子工艺工程师,设备组装调试工,试制员,PCB工程师,电子元器件工程师,电子产品经理,SMT工程师,电子销售工程师,电子设备工程师,电子电气维修工程师",9
电工,电工,6-31-01-03,初中毕业（或相当文化程度）,开封技师学院,"五级/初级工,四级/中级工,三级/高级工,二级/技师,一级/高级技师","煤矿井下防爆电工,化工检修电工,烟机电工,港机电工","建筑安装电工,设备维修电工,工业自动化电工,电力系统电工,弱电电工,新能源电工,仪表电工,电机维修工,智能家居电工,电气技术员,电气工程师",5
电梯安装维修工,电梯安装维修工,6-29-03-03,大学专科学历（或高等职业学校毕业）,贵州装备制造职业学院,"五级/初级工,四级/中级工,三级/高级工,二级/技师,一级/高级技师","电梯安装工,电梯维修工","电梯维修工,电梯工程师,电梯维保员,电梯维保技师,电梯管理员",8
白酒酿造工,白酒酿造工,6-02-06-03,初中毕业（或相当文化程度）,贵州轻工职业大学,"五级/初级工,四级/中级工,三级/高级工","白酒微生物培菌工,白酒酵母工,白酒制曲工,白酒原料粉碎工,白酒发酵工,白酒贮酒工,白酒蒸馏串香工,白酒配酒工,白酒灌装工","制酒工,制曲工,白酒酿造师,白酒酿造工程师",8
眼镜验光师,眼镜验光师,4-14-03-03,初中毕业（或相当文化程度）,万新光学,"五级/初级工,四级/中级工,三级/高级工,二级/技师,一级/高级技师",,"验光师,验配师,视光师,视觉训练师",10
砌筑工,砌筑工,6-29-01-01,初中毕业（或相当文化程度）,浙江建设技师学院,"五级/初级工,四级/中级工,三级/高级工,二级/技师,一级/高级技师","建筑瓦工,窑炉修筑工,船舶泥工,打胶工,金属屋面工,瓦屋面工","建筑瓦工,窑炉修筑工,船舶泥工,土建施工员,土建监理员",5
碳排放管理员,碳排放管理员,4-09-07-04,高中毕业（或同等学力）,山东碳排放服务中心,"五级/初级工,四级/中级工,三级/高级工,二级/技师,一级/高级技师","民航碳排放管理员,碳排放监测员,碳排放核算员,碳排放核查员,碳排放交易员,碳排放咨询员","低碳咨询工程师,碳排放核查员,碳排放管理师,双碳专家,双碳数据审核,CCER领域技术经理,碳交易及绿证交易研究员",5
科技咨询师,科技咨询师,4-07-02-02,大学专科学历（或高等职业学校毕业）,广东华中科技大学工业技术研究院,"三级/高级工,二级/技师,一级/高级技师",,"科技项目管理,项目经理,技术经纪人,技术经理人,商务策划专员,市场营销顾问,项目申报主管,专利工程师,商务数据分析师",5
管工,管工,6-29-03-04,高中毕业（或同等学力）,浙江建设技师学院,"五级/初级工,四级/中级工,三级/高级工,二级/技师,一级/高级技师",,"管道工程师,给排水工程师,市政施工员,仪表管道工程师",6
糕点装饰师,糕点装饰师,6-02-01-02,初中毕业（或相当文化程度）,山西省焙烤食品行业协会,"三级/高级工,二级/技师,一级/高级技师","糖艺师,巧克力塑形师,蛋糕装饰师","西式面点师,西式烹调师,中式面点师,糖艺师,巧克力塑型师,蛋糕装饰师",6
糕点面包烘焙师,糕点面包烘焙师,6-02-01-01,初中毕业（或相当文化程度）,山西省焙烤食品行业协会,"五级/初级工,四级/中级工,三级/高级工,二级/技师,一级/高级技师","中式糕点师,西式糕点师,饼干制作工,面包师","糕点面包烘焙师,西式面点师,西式烹调师,中式面点师,中式烹调师,米面主食制作工,西式糕点师,饼干制作工,面包师",5
纺织染色工,纺织染色工,6-04-06-02,初中毕业（或相当文化程度）,山东轻工职业学院,"五级/初级工,四级/中级工,三级/高级工,二级/技师,一级/高级技师","纤维染色工,染色小样工,纺织染色机操作工","染色工艺员,染色打样员,后整理工艺员,染整工艺质量员,染整实验室技术员,纺织品测试工程师",8
缝纫工,缝纫工,6-05-01-03,初中毕业（或相当文化程度）,江苏省盐城技师学院,"五级/初级工,四级/中级工,三级/高级工,二级/技师,一级/高级技师","服装制作工,毛衫套口工,纺织品缝纫工,缝纫制品充填工","基础缝纫操作工,缝前准备工,缝后整理工,缝纫技师 ,服装定制缝纫岗,生产线技术骨干,生产线组长,QC (质量控制)专员,车缝指导工,生产线技术总监,质检主管,工艺创新人员,企业技术顾问,缝纫工艺研发人员 ,高级培训讲师,生产技术总监",5
美发师,美发师,4-10-03-02,初中毕业（或相当文化程度）,四川国际标榜职业学院,"五级/初级工,四级/中级工,三级/高级工,二级/技师,一级/高级技师",,"实习发型师,美发助理技师,美发助理发型师,高级发型师,烫染技师,头皮护理师,美发店店长,美发培训讲师",8
船舶电气装配工,船舶电气装配工,6-23-02-03,初中毕业（或相当文化程度）,舟山技师学院,"五级/初级工,四级/中级工,三级/高级工,二级/技师,一级/高级技师","船舶电工,船舶电信工,船舶电气钳工,船舶电器安装工","船舶电气操作工（含放线工、接线工）,船舶电气质检员,船舶电气调试员,船舶电气检验员,船舶电气生产设计员,船舶电气送审设计员,船舶电气工艺师,船舶电气调试工程师,船舶电气服务工程师,船舶电气服务总师,船舶电气硬件工程师,船舶电气软件工程师,船舶电气设计主管,船舶电气调试主管,船舶电气检验主管",4
茶艺师,茶艺师,4-03-02-07,大学专科学历（或高等职业学校毕业）,长治市职业高级中学,"五级/初级工,四级/中级工,三级/高级工,二级/技师,一级/高级技师",,"茶艺顾问,茶艺表演师,茶文化讲师,茶叶销售员（含茶艺服务）,茶艺服务员,茶艺泡茶员,行政助理兼茶艺师",6
营养配餐员,营养配餐员,4-03-02-06,高中毕业（或同等学力）,浙江旅游职业学院,"四级/中级工,三级/高级工,二级/技师,一级/高级技师",,"营养师,健康管理师,营养咨询师,营养代表",6
装配钳工,装配钳工,6-20-01-01,初中毕业（或相当文化程度）,常州技师学院,"五级/初级工,四级/中级工,三级/高级工,二级/技师,一级/高级技师",,"装配钳工,机械装配钳工,精密装调工,机械装配工程师,自动化装配钳工 ,模具装配钳工, 非标设备装配钳工",5
装饰美工,装饰美工,4-07-07-02,初中毕业（或相当文化程度）,宁波技师学院,"五级/初级工,四级/中级工,三级/高级工,二级/技师,一级/高级技师",油画外框制作工,"广告设计师,展览设计师,空间设计师,橱窗设计师,展示道具设计师",5
西式烹调师,西式烹调师,4-03-02-03,初中毕业（或相当文化程度）,浙江旅游职业学院,"五级/初级工,四级/中级工,三级/高级工,二级/技师,一级/高级技师",,"西式菜肴烹调,西式面点制作,烘焙技术专员,西餐研发与创新专员",7
西式面点师,西式面点师,4-03-02-04,初中毕业（或相当文化程度）,宁夏新东方技工学校,"五级/初级工,四级/中级工,三级/高级工,二级/技师,一级/高级技师",,"裱花师,现烤师,甜品师,咖啡师,茶饮师,调酒师,营养配餐师",4
计算机程序设计员,计算机程序设计员,4-04-05-01,高中毕业（或同等学力）,粤嵌科技,"四级/中级工,三级/高级工,二级/技师,一级/高级技师",,"上位机程序员,VBA初级程序员,物流软件程序员,MCU初级程序员,.NET初级程序员,视觉组算法开发组长,前端H5开发组长,CAD软件实施工程师,SAAS软件销售工程师,PDA前后端开发工程师,Linux系统架构师",4
计算机维修工,计算机维修工,4-12-02-01,初中毕业（或相当文化程度）,江山高级技工学校,"五级/初级工,四级/中级工,三级/高级工,二级/技师,一级/高级技师","计算机板级维修工,计算机芯片级维修工","计算机维修工程师,计算机和办公设备维修人员,网络管理员",6
计量员,计量员,4-08-05-06,高中毕业（或同等学力）,山东药品食品职业学院,"四级/中级工,三级/高级工,二级/技师,一级/高级技师","长度计量员,热工计量员,电学计量员,化学计量员,声学计量员,光学计量员,电离辐射计量员,力学计量员,无线电计量员,时间频率计量员","计量员,计量工程师,计量校准员,计量技术员,计量管理岗,计量器具管理员,计量实验室技术员,计量QC,计量设备维护员,计量数据分析师",9
评茶师,评茶师,6-02-06-11,初中毕业（或相当文化程度）,淄博聚贤职业培训学校,"五级/初级工,四级/中级工,三级/高级工,二级/技师,一级/高级技师",茶叶拼配师,"评茶师/茶叶审评员,茶叶质检员,茶叶评检员,茶叶研发工程师,茶艺师",5
调酒师,调酒师,4-03-02-09,高中毕业（或同等学力）,常州工业职业技术学院,"五级/初级工,四级/中级工,三级/高级工,二级/技师,一级/高级技师",,"调酒师学徒,见习调酒师,助理调酒师,酒吧调酒师,首席调酒师,调酒培训生,调酒师领班,侍酒师",7
调饮师,调饮师,4-03-02-10,初中毕业（或相当文化程度）,淄博聚贤职业培训学校,"五级/初级工,四级/中级工,三级/高级工,二级/技师,一级/高级技师",,"调茶师,饮品师,奶茶店店员/店长,饮品试喝员,茶艺师",9
贵金属首饰与宝玉石检测员,贵金属首饰与宝玉石检测员,4-08-05-03,初中毕业（或相当文化程度）,滇西应用技术大学,"五级/初级工,四级/中级工,三级/高级工,二级/技师,一级/高级技师","贵金属首饰检验员,钻石检验员,玉石检验员,有机宝石检验员,宝石检验员","珠宝玉石鉴定师,贵金属检测员,珠宝评估师,首饰厂质检员,珠宝企业质检顾问,电商珠宝品控专员,珠宝鉴定培训教师,海关珠宝检验员,珠宝鉴定自媒体从业者",5
起重装卸机械操作工,起重装卸机械操作工,6-30-05-01,初中毕业（或相当文化程度）,浙江省海港集团教培中心,"五级/初级工,四级/中级工,三级/高级工,二级/技师,一级/高级技师","履带吊司机,塔吊司机,汽车吊司机,桥式起重机司机,散料卸车机司机,堆取料机司机,流体装卸操作工,翻车机工,船舶吊车司机,叉车司机,堆垛车操作工,电动港口装卸机械司机,内燃港口装卸机械司机,高空作业机械操作工,起重装卸机械智能控制员","履带吊司机,塔吊司机,汽车吊司机,桥式起重机司机,散料卸车机司机,堆取料机司机,流体装卸操作工,翻车机工,船舶吊车司机,叉车司机,堆车操作工,电动港口装卸机械司机,内燃港口装卸机械司机,高空作业机械操作工,起重装卸机械智能控制员",8
车工,车工,6-18-01-01,初中毕业（或相当文化程度）,兰州石化职业技术大学,"五级/初级工,四级/中级工,三级/高级工,二级/技师,一级/高级技师","数控车工,普通车工","数控车工,普通车工",6
酿酒师,酿酒师,6-02-06-01,高中毕业（或同等学力）,泸州老窖、洋河股份,"二级/技师,一级/高级技师",,"白酒酿造工程师,酿酒生产经理,酿酒师助理,助理酿酒师,酿酒技师",7
钢筋工,钢筋工,6-29-01-04,初中毕业（或相当文化程度）,郑州商业技师学院,"五级/初级工,四级/中级工,三级/高级工,二级/技师,一级/高级技师",,"钢筋工长,钢筋施工员,钢筋质检员",7
陶瓷工艺品制作师,陶瓷工艺品制作师,6-09-03-03,初中毕业（或相当文化程度）,绥棱县职业技术学校,"五级/初级工,四级/中级工,三级/高级工,二级/技师,一级/高级技师","陶瓷工艺品成型师,陶瓷工艺品彩绘师,陶瓷工艺品雕塑师","陶艺师,陶瓷绘画师,陶瓷陶艺老师",4
风险管理师,风险管理师,4-07-02-01,大学专科学历（或高等职业学校毕业）,海检集团高创资本,"五级/初级工,四级/中级工,三级/高级工,二级/技师,一级/高级技师","企业风险管理师,金融风险管理师,公共风险管理师","风险管理师,风险控制师,风险审核师",8
食品安全管理师,食品安全管理师,4-03-02-11,高中毕业（或同等学力）,山东药品食品职业学院,"五级/初级工,四级/中级工,三级/高级工,二级/技师,一级/高级技师",冷链食品安全管理员,"食品质量品控员,食品安全员,食品安全总监,食品合规管理员",8
高炉炼铁工,高炉炼铁工,6-17-01-06,初中毕业（或相当文化程度）,沙钢集团,"五级/初级工,四级/中级工,三级/高级工,二级/技师,一级/高级技师","高炉炉前工,高炉炼铁操作工,铸铁机工","高炉炉前工,高炉炼铁操作工,高炉工长,高炉炉长,炼铁工程师",6
